sample,analysis_type_uid,PC1,PC2
F3.1/F3g,494283,-0.304567356489351,-0.0
F3aa,494363,0.304567356489351,-0.0
proportion_explained,0,1.0,0.0
