sample,sample_uid,PC1,PC2
ML6001,172071,-0.25342357763863227,-0.0
ML6017,172087,0.25342357763863227,-0.0
proportion_explained,0,1.0,0.0
